Workbook

Sheet Обзор
A1: TOPSIS | Выбор концепции
A3: Фаза 1 · Роде · Солопанов · Пухов
A5: АЛЬТЕРНАТИВЫ
A6: Код | B6: Концепция
A7: A1 | B7: A1 — ИС автосервиса
A8: A2 | B8: A2 — Бронирование переговорных
A9: A3 | B9: A3 — Студенческие проекты
A10: A4 | B10: A4 — Учёт оборудования
A12: КРИТЕРИИ
A13: Код | B13: Критерий | C13: Тип
A14: C1 | B14: Простота реализации | C14: Максимизация
A15: C2 | B15: Практическая полезность | C15: Максимизация
A16: C3 | B16: Возможность декомпозиции | C16: Максимизация
A17: C4 | B17: Возможность развития | C17: Максимизация
A18: C5 | B18: Трудоёмкость | C18: Минимизация

Sheet Оценки экспертов
A1: Экспертные оценки · TOPSIS
A3: Экспертные оценки команды по шкале 1–10
A5: Концепция | B5: Критерий | C5: Роде | D5: Солопанов | E5: Пухов | F5: l (мин) | G5: m (медиана) | H5: u (макс)
A6: A1 — ИС автосервиса | B6: C1 — Простота реализации | C6: 8 | D6: 7 | E6: 8 | F6: =MIN(C6:E6) -> 7 | G6: =MEDIAN(C6:E6) -> 8 | H6: =MAX(C6:E6) -> 8
A7: A1 — ИС автосервиса | B7: C2 — Практическая полезность | C7: 9 | D7: 9 | E7: 10 | F7: =MIN(C7:E7) -> 9 | G7: =MEDIAN(C7:E7) -> 9 | H7: =MAX(C7:E7) -> 10
A8: A1 — ИС автосервиса | B8: C3 — Возможность декомпозиции | C8: 9 | D8: 8 | E8: 9 | F8: =MIN(C8:E8) -> 8 | G8: =MEDIAN(C8:E8) -> 9 | H8: =MAX(C8:E8) -> 9
A9: A1 — ИС автосервиса | B9: C4 — Возможность развития | C9: 10 | D9: 9 | E9: 9 | F9: =MIN(C9:E9) -> 9 | G9: =MEDIAN(C9:E9) -> 9 | H9: =MAX(C9:E9) -> 10
A10: A1 — ИС автосервиса | B10: C5 — Трудоёмкость | C10: 7 | D10: 7 | E10: 8 | F10: =MIN(C10:E10) -> 7 | G10: =MEDIAN(C10:E10) -> 7 | H10: =MAX(C10:E10) -> 8
A11: A2 — Бронирование переговорных | B11: C1 — Простота реализации | C11: 9 | D11: 9 | E11: 8 | F11: =MIN(C11:E11) -> 8 | G11: =MEDIAN(C11:E11) -> 9 | H11: =MAX(C11:E11) -> 9
A12: A2 — Бронирование переговорных | B12: C2 — Практическая полезность | C12: 7 | D12: 8 | E12: 7 | F12: =MIN(C12:E12) -> 7 | G12: =MEDIAN(C12:E12) -> 7 | H12: =MAX(C12:E12) -> 8
A13: A2 — Бронирование переговорных | B13: C3 — Возможность декомпозиции | C13: 7 | D13: 7 | E13: 8 | F13: =MIN(C13:E13) -> 7 | G13: =MEDIAN(C13:E13) -> 7 | H13: =MAX(C13:E13) -> 8
A14: A2 — Бронирование переговорных | B14: C4 — Возможность развития | C14: 7 | D14: 8 | E14: 7 | F14: =MIN(C14:E14) -> 7 | G14: =MEDIAN(C14:E14) -> 7 | H14: =MAX(C14:E14) -> 8
A15: A2 — Бронирование переговорных | B15: C5 — Трудоёмкость | C15: 4 | D15: 5 | E15: 5 | F15: =MIN(C15:E15) -> 4 | G15: =MEDIAN(C15:E15) -> 5 | H15: =MAX(C15:E15) -> 5
A16: A3 — Студенческие проекты | B16: C1 — Простота реализации | C16: 7 | D16: 8 | E16: 7 | F16: =MIN(C16:E16) -> 7 | G16: =MEDIAN(C16:E16) -> 7 | H16: =MAX(C16:E16) -> 8
A17: A3 — Студенческие проекты | B17: C2 — Практическая полезность | C17: 8 | D17: 8 | E17: 9 | F17: =MIN(C17:E17) -> 8 | G17: =MEDIAN(C17:E17) -> 8 | H17: =MAX(C17:E17) -> 9
... A25: A4 — Учёт оборудования | B25: C5 — Трудоёмкость | C25: 6 | D25: 6 | E25: 7 | F25: =MIN(C25:E25) -> 6 | G25: =MEDIAN(C25:E25) -> 6 | H25: =MAX(C25:E25) -> 7

Sheet Веса критериев
A1: Важность критериев
A3: Треугольные оценки и приведение к диапазону 0–1
A5: Критерий | B5: Роде | C5: Солопанов | D5: Пухов | E5: l | F5: m | G5: u | H5: w_l | I5: w_m | J5: w_u
A6: C1 — Простота реализации | B6: 9 | C6: 8 | D6: 8 | E6: =MIN(B6:D6) -> 8 | F6: =MEDIAN(B6:D6) -> 8 | G6: =MAX(B6:D6) -> 9 | H6: =E6/10 -> 0.8 | I6: =F6/10 -> 0.8 | J6: =G6/10 -> 0.9
A7: C2 — Практическая полезность | B7: 8 | C7: 9 | D7: 9 | E7: =MIN(B7:D7) -> 8 | F7: =MEDIAN(B7:D7) -> 9 | G7: =MAX(B7:D7) -> 9 | H7: =E7/10 -> 0.8 | I7: =F7/10 -> 0.9 | J7: =G7/10 -> 0.9
A8: C3 — Возможность декомпозиции | B8: 7 | C8: 8 | D8: 7 | E8: =MIN(B8:D8) -> 7 | F8: =MEDIAN(B8:D8) -> 7 | G8: =MAX(B8:D8) -> 8 | H8: =E8/10 -> 0.7 | I8: =F8/10 -> 0.7 | J8: =G8/10 -> 0.8
A9: C4 — Возможность развития | B9: 7 | C9: 8 | D9: 9 | E9: =MIN(B9:D9) -> 7 | F9: =MEDIAN(B9:D9) -> 8 | G9: =MAX(B9:D9) -> 9 | H9: =E9/10 -> 0.7 | I9: =F9/10 -> 0.8 | J9: =G9/10 -> 0.9
A10: C5 — Трудоёмкость | B10: 8 | C10: 7 | D10: 8 | E10: =MIN(B10:D10) -> 7 | F10: =MEDIAN(B10:D10) -> 8 | G10: =MAX(B10:D10) -> 8 | H10: =E10/10 -> 0.7 | I10: =F10/10 -> 0.8 | J10: =G10/10 -> 0.8

Sheet Нормализация
A1: Взвешенная матрица
A3: Нормализация выгоды и затрат; каждая строка — альтернатива × критерий
A5: Альтернатива | B5: Критерий | C5: l | D5: m | E5: u | F5: Норма l | G5: Норма m | H5: Норма u | I5: Вес l | J5: Вес m | K5: Вес u
A6: A1 — ИС автосервиса | B6: C1 — Простота реализации | C6: ='Оценки экспертов'!F6 -> 7 | D6: ='Оценки экспертов'!G6 -> 8 | E6: ='Оценки экспертов'!H6 -> 8 | F6: =C6/9 -> 0.77777778 | G6: =D6/9 -> 0.88888889 | H6: =E6/9 -> 0.88888889 | I6: =F6*'Веса критериев'!H6 -> 0.62222222 | J6: =G6*'Веса критериев'!I6 -> 0.71111111 | K6: =H6*'Веса критериев'!J6 -> 0.8
A7: A1 — ИС автосервиса | B7: C2 — Практическая полезность | C7: ='Оценки экспертов'!F7 -> 9 | D7: ='Оценки экспертов'!G7 -> 9 | E7: ='Оценки экспертов'!H7 -> 10 | F7: =C7/10 -> 0.9 | G7: =D7/10 -> 0.9 | H7: =E7/10 -> 1 | I7: =F7*'Веса критериев'!H7 -> 0.72 | J7: =G7*'Веса критериев'!I7 -> 0.81 | K7: =H7*'Веса критериев'!J7 -> 0.9
A8: A1 — ИС автосервиса | B8: C3 — Возможность декомпозиции | C8: ='Оценки экспертов'!F8 -> 8 | D8: ='Оценки экспертов'!G8 -> 9 | E8: ='Оценки экспертов'!H8 -> 9 | F8: =C8/9 -> 0.88888889 | G8: =D8/9 -> 1 | H8: =E8/9 -> 1 | I8: =F8*'Веса критериев'!H8 -> 0.62222222 | J8: =G8*'Веса критериев'!I8 -> 0.7 | K8: =H8*'Веса критериев'!J8 -> 0.8
A9: A1 — ИС автосервиса | B9: C4 — Возможность развития | C9: ='Оценки экспертов'!F9 -> 9 | D9: ='Оценки экспертов'!G9 -> 9 | E9: ='Оценки экспертов'!H9 -> 10 | F9: =C9/10 -> 0.9 | G9: =D9/10 -> 0.9 | H9: =E9/10 -> 1 | I9: =F9*'Веса критериев'!H9 -> 0.63 | J9: =G9*'Веса критериев'!I9 -> 0.72 | K9: =H9*'Веса критериев'!J9 -> 0.9
A10: A1 — ИС автосервиса | B10: C5 — Трудоёмкость | C10: ='Оценки экспертов'!F10 -> 7 | D10: ='Оценки экспертов'!G10 -> 7 | E10: ='Оценки экспертов'!H10 -> 8 | F10: =4/E10 -> 0.5 | G10: =4/D10 -> 0.57142857 | H10: =4/C10 -> 0.57142857 | I10: =F10*'Веса критериев'!H10 -> 0.35 | J10: =G10*'Веса критериев'!I10 -> 0.45714286 | K10: =H10*'Веса критериев'!J10 -> 0.45714286
A11: A2 — Бронирование переговорных | B11: C1 — Простота реализации | C11: ='Оценки экспертов'!F11 -> 8 | D11: ='Оценки экспертов'!G11 -> 9 | E11: ='Оценки экспертов'!H11 -> 9 | F11: =C11/9 -> 0.88888889 | G11: =D11/9 -> 1 | H11: =E11/9 -> 1 | I11: =F11*'Веса критериев'!H6 -> 0.71111111 | J11: =G11*'Веса критериев'!I6 -> 0.8 | K11: =H11*'Веса критериев'!J6 -> 0.9
A12: A2 — Бронирование переговорных | B12: C2 — Практическая полезность | C12: ='Оценки экспертов'!F12 -> 7 | D12: ='Оценки экспертов'!G12 -> 7 | E12: ='Оценки экспертов'!H12 -> 8 | F12: =C12/10 -> 0.7 | G12: =D12/10 -> 0.7 | H12: =E12/10 -> 0.8 | I12: =F12*'Веса критериев'!H7 -> 0.56 | J12: =G12*'Веса критериев'!I7 -> 0.63 | K12: =H12*'Веса критериев'!J7 -> 0.72
A13: A2 — Бронирование переговорных | B13: C3 — Возможность декомпозиции | C13: ='Оценки экспертов'!F13 -> 7 | D13: ='Оценки экспертов'!G13 -> 7 | E13: ='Оценки экспертов'!H13 -> 8 | F13: =C13/9 -> 0.77777778 | G13: =D13/9 -> 0.77777778 | H13: =E13/9 -> 0.88888889 | I13: =F13*'Веса критериев'!H8 -> 0.54444444 | J13: =G13*'Веса критериев'!I8 -> 0.54444444 | K13: =H13*'Веса критериев'!J8 -> 0.71111111
A14: A2 — Бронирование переговорных | B14: C4 — Возможность развития | C14: ='Оценки экспертов'!F14 -> 7 | D14: ='Оценки экспертов'!G14 -> 7 | E14: ='Оценки экспертов'!H14 -> 8 | F14: =C14/10 -> 0.7 | G14: =D14/10 -> 0.7 | H14: =E14/10 -> 0.8 | I14: =F14*'Веса критериев'!H9 -> 0.49 | J14: =G14*'Веса критериев'!I9 -> 0.56 | K14: =H14*'Веса критериев'!J9 -> 0.72
A15: A2 — Бронирование переговорных | B15: C5 — Трудоёмкость | C15: ='Оценки экспертов'!F15 -> 4 | D15: ='Оценки экспертов'!G15 -> 5 | E15: ='Оценки экспертов'!H15 -> 5 | F15: =4/E15 -> 0.8 | G15: =4/D15 -> 0.8 | H15: =4/C15 -> 1 | I15: =F15*'Веса критериев'!H10 -> 0.56 | J15: =G15*'Веса критериев'!I10 -> 0.64 | K15: =H15*'Веса критериев'!J10 -> 0.8
A16: A3 — Студенческие проекты | B16: C1 — Простота реализации | C16: ='Оценки экспертов'!F16 -> 7 | D16: ='Оценки экспертов'!G16 -> 7 | E16: ='Оценки экспертов'!H16 -> 8 | F16: =C16/9 -> 0.77777778 | G16: =D16/9 -> 0.77777778 | H16: =E16/9 -> 0.88888889 | I16: =F16*'Веса критериев'!H6 -> 0.62222222 | J16: =G16*'Веса критериев'!I6 -> 0.62222222 | K16: =H16*'Веса критериев'!J6 -> 0.8
A17: A3 — Студенческие проекты | B17: C2 — Практическая полезность | C17: ='Оценки экспертов'!F17 -> 8 | D17: ='Оценки экспертов'!G17 -> 8 | E17: ='Оценки экспертов'!H17 -> 9 | F17: =C17/10 -> 0.8 | G17: =D17/10 -> 0.8 | H17: =E17/10 -> 0.9 | I17: =F17*'Веса критериев'!H7 -> 0.64 | J17: =G17*'Веса критериев'!I7 -> 0.72 | K17: =H17*'Веса критериев'!J7 -> 0.81
A18: A3 — Студенческие проекты | B18: C3 — Возможность декомпозиции | C18: ='Оценки экспертов'!F18 -> 8 | D18: ='Оценки экспертов'!G18 -> 9 | E18: ='Оценки экспертов'!H18 -> 9 | F18: =C18/9 -> 0.88888889 | G18: =D18/9 -> 1 | H18: =E18/9 -> 1 | I18: =F18*'Веса критериев'!H8 -> 0.62222222 | J18: =G18*'Веса критериев'!I8 -> 0.7 | K18: =H18*'Веса критериев'!J8 -> 0.8
A19: A3 — Студенческие проекты | B19: C4 — Возможность развития | C19: ='Оценки экспертов'!F19 -> 9 | D19: ='Оценки экспертов'!G19 -> 9 | E19: ='Оценки экспертов'!H19 -> 9 | F19: =C19/10 -> 0.9 | G19: =D19/10 -> 0.9 | H19: =E19/10 -> 0.9 | I19: =F19*'Веса критериев'!H9 -> 0.63 | J19: =G19*'Веса критериев'!I9 -> 0.72 | K19: =H19*'Веса критериев'!J9 -> 0.81
A20: A3 — Студенческие проекты | B20: C5 — Трудоёмкость | C20: ='Оценки экспертов'!F20 -> 6 | D20: ='Оценки экспертов'!G20 -> 7 | E20: ='Оценки экспертов'!H20 -> 7 | F20: =4/E20 -> 0.57142857 | G20: =4/D20 -> 0.57142857 | H20: =4/C20 -> 0.66666667 | I20: =F20*'Веса критериев'!H10 -> 0.4 | J20: =G20*'Веса критериев'!I10 -> 0.45714286 | K20: =H20*'Веса критериев'!J10 -> 0.53333333
A21: A4 — Учёт оборудования | B21: C1 — Простота реализации | C21: ='Оценки экспертов'!F21 -> 7 | D21: ='Оценки экспертов'!G21 -> 8 | E21: ='Оценки экспертов'!H21 -> 8 | F21: =C21/9 -> 0.77777778 | G21: =D21/9 -> 0.88888889 | H21: =E21/9 -> 0.88888889 | I21: =F21*'Веса критериев'!H6 -> 0.62222222 | J21: =G21*'Веса критериев'!I6 -> 0.71111111 | K21: =H21*'Веса критериев'!J6 -> 0.8
A22: A4 — Учёт оборудования | B22: C2 — Практическая полезность | C22: ='Оценки экспертов'!F22 -> 8 | D22: ='Оценки экспертов'!G22 -> 9 | E22: ='Оценки экспертов'!H22 -> 9 | F22: =C22/10 -> 0.8 | G22: =D22/10 -> 0.9 | H22: =E22/10 -> 0.9 | I22: =F22*'Веса критериев'!H7 -> 0.64 | J22: =G22*'Веса критериев'!I7 -> 0.81 | K22: =H22*'Веса критериев'!J7 -> 0.81
A23: A4 — Учёт оборудования | B23: C3 — Возможность декомпозиции | C23: ='Оценки экспертов'!F23 -> 8 | D23: ='Оценки экспертов'!G23 -> 8 | E23: ='Оценки экспертов'!H23 -> 9 | F23: =C23/9 -> 0.88888889 | G23: =D23/9 -> 0.88888889 | H23: =E23/9 -> 1 | I23: =F23*'Веса критериев'!H8 -> 0.62222222 | J23: =G23*'Веса критериев'!I8 -> 0.62222222 | K23: =H23*'Веса критериев'!J8 -> 0.8
A24: A4 — Учёт оборудования | B24: C4 — Возможность развития | C24: ='Оценки экспертов'!F24 -> 8 | D24: ='Оценки экспертов'!G24 -> 9 | E24: ='Оценки экспертов'!H24 -> 9 | F24: =C24/10 -> 0.8 | G24: =D24/10 -> 0.9 | H24: =E24/10 -> 0.9 | I24: =F24*'Веса критериев'!H9 -> 0.56 | J24: =G24*'Веса критериев'!I9 -> 0.72 | K24: =H24*'Веса критериев'!J9 -> 0.81
A25: A4 — Учёт оборудования | B25: C5 — Трудоёмкость | C25: ='Оценки экспертов'!F25 -> 6 | D25: ='Оценки экспертов'!G25 -> 6 | E25: ='Оценки экспертов'!H25 -> 7 | F25: =4/E25 -> 0.57142857 | G25: =4/D25 -> 0.66666667 | H25: =4/C25 -> 0.66666667 | I25: =F25*'Веса критериев'!H10 -> 0.4 | J25: =G25*'Веса критериев'!I10 -> 0.53333333 | K25: =H25*'Веса критериев'!J10 -> 0.53333333

Sheet Итоги TOPSIS
A1: Результат TOPSIS
A3: Расстояния до идеальных решений (1,1,1) и (0,0,0)
A5: Альтернатива | B5: D+ | C5: D− | D5: CC | E5: Место
A6: A1 — ИС автосервиса | B6: =SQRT(((1-Нормализация!I6)^2+(1-Нормализация!J6)^2+(1-Нормализация!K6)^2)/3)+SQRT(((1-Нормализация!I7)^2+(1-Нормализация!J7)^2+(1-Нормализация!K7)^2)/3)+SQRT(((1-Нормализация!I8)^2+(1-Нормализация!J8)^2+(1-Нормализация!K8)^2)/3)+SQRT(((1-Нормализация!I9)^2+(1-Нормализация!J9)^2+(1-Нормализация!K9)^2)/3)+SQRT(((1-Нормализация!I10)^2+(1-Нормализация!J10)^2+(1-Нормализация!K10)^2)/3) -> 1.6579025 | C6: =SQRT(((Нормализация!I6)^2+(Нормализация!J6)^2+(Нормализация!K6)^2)/3)+SQRT(((Нормализация!I7)^2+(Нормализация!J7)^2+(Нормализация!K7)^2)/3)+SQRT(((Нормализация!I8)^2+(Нормализация!J8)^2+(Нормализация!K8)^2)/3)+SQRT(((Нормализация!I9)^2+(Нормализация!J9)^2+(Нормализация!K9)^2)/3)+SQRT(((Нормализация!I10)^2+(Нормализация!J10)^2+(Нормализация!K10)^2)/3) -> 3.4220697 | D6: =C6/(B6+C6) -> 0.67363946 | E6: =RANK(D6,$D$6:$D$9,0) -> 1
A7: A2 — Бронирование переговорных | B7: =SQRT(((1-Нормализация!I11)^2+(1-Нормализация!J11)^2+(1-Нормализация!K11)^2)/3)+SQRT(((1-Нормализация!I12)^2+(1-Нормализация!J12)^2+(1-Нормализация!K12)^2)/3)+SQRT(((1-Нормализация!I13)^2+(1-Нормализация!J13)^2+(1-Нормализация!K13)^2)/3)+SQRT(((1-Нормализация!I14)^2+(1-Нормализация!J14)^2+(1-Нормализация!K14)^2)/3)+SQRT(((1-Нормализация!I15)^2+(1-Нормализация!J15)^2+(1-Нормализация!K15)^2)/3) -> 1.756843 | C7: =SQRT(((Нормализация!I11)^2+(Нормализация!J11)^2+(Нормализация!K11)^2)/3)+SQRT(((Нормализация!I12)^2+(Нормализация!J12)^2+(Нормализация!K12)^2)/3)+SQRT(((Нормализация!I13)^2+(Нормализация!J13)^2+(Нормализация!K13)^2)/3)+SQRT(((Нормализация!I14)^2+(Нормализация!J14)^2+(Нормализация!K14)^2)/3)+SQRT(((Нормализация!I15)^2+(Нормализация!J15)^2+(Нормализация!K15)^2)/3) -> 3.3244406 | D7: =C7/(B7+C7) -> 0.65425213 | E7: =RANK(D7,$D$6:$D$9,0) -> 4
A8: A3 — Студенческие проекты | B8: =SQRT(((1-Нормализация!I16)^2+(1-Нормализация!J16)^2+(1-Нормализация!K16)^2)/3)+SQRT(((1-Нормализация!I17)^2+(1-Нормализация!J17)^2+(1-Нормализация!K17)^2)/3)+SQRT(((1-Нормализация!I18)^2+(1-Нормализация!J18)^2+(1-Нормализация!K18)^2)/3)+SQRT(((1-Нормализация!I19)^2+(1-Нормализация!J19)^2+(1-Нормализация!K19)^2)/3)+SQRT(((1-Нормализация!I20)^2+(1-Нормализация!J20)^2+(1-Нормализация!K20)^2)/3) -> 1.7448758 | C8: =SQRT(((Нормализация!I16)^2+(Нормализация!J16)^2+(Нормализация!K16)^2)/3)+SQRT(((Нормализация!I17)^2+(Нормализация!J17)^2+(Нормализация!K17)^2)/3)+SQRT(((Нормализация!I18)^2+(Нормализация!J18)^2+(Нормализация!K18)^2)/3)+SQRT(((Нормализация!I19)^2+(Нормализация!J19)^2+(Нормализация!K19)^2)/3)+SQRT(((Нормализация!I20)^2+(Нормализация!J20)^2+(Нормализация!K20)^2)/3) -> 3.3148535 | D8: =C8/(B8+C8) -> 0.65514444 | E8: =RANK(D8,$D$6:$D$9,0) -> 3
A9: A4 — Учёт оборудования | B9: =SQRT(((1-Нормализация!I21)^2+(1-Нормализация!J21)^2+(1-Нормализация!K21)^2)/3)+SQRT(((1-Нормализация!I22)^2+(1-Нормализация!J22)^2+(1-Нормализация!K22)^2)/3)+SQRT(((1-Нормализация!I23)^2+(1-Нормализация!J23)^2+(1-Нормализация!K23)^2)/3)+SQRT(((1-Нормализация!I24)^2+(1-Нормализация!J24)^2+(1-Нормализация!K24)^2)/3)+SQRT(((1-Нормализация!I25)^2+(1-Нормализация!J25)^2+(1-Нормализация!K25)^2)/3) -> 1.7220132 | C9: =SQRT(((Нормализация!I21)^2+(Нормализация!J21)^2+(Нормализация!K21)^2)/3)+SQRT(((Нормализация!I22)^2+(Нормализация!J22)^2+(Нормализация!K22)^2)/3)+SQRT(((Нормализация!I23)^2+(Нормализация!J23)^2+(Нормализация!K23)^2)/3)+SQRT(((Нормализация!I24)^2+(Нормализация!J24)^2+(Нормализация!K24)^2)/3)+SQRT(((Нормализация!I25)^2+(Нормализация!J25)^2+(Нормализация!K25)^2)/3) -> 3.3562133 | D9: =C9/(B9+C9) -> 0.66090264 | E9: =RANK(D9,$D$6:$D$9,0) -> 2
A12: Проверка: в исходном отчёте первое место — A1 (округлённый CC = 0,674).
